,tf-idf values
otherparameters,11.416176439348895
tentobserva,11.416176439348895
teospringisgenera,11.416176439348895
teonrepresen,11.416176439348895
teonpar,11.416176439348895
teone,11.416176439348895
teona,11.416176439348895
teon,11.416176439348895
teofthepheromonein,11.416176439348895
teofindividuals,11.416176439348895
teofcustomerj,11.416176439348895
tenumbero,11.416176439348895
tenttheproblemsassocia,11.416176439348895
tentsofthesetablesareused,11.416176439348895
tentlypriori,11.416176439348895
teptoreduce,11.416176439348895
tentitcanbeadvan,11.416176439348895
tentirelysurprising,11.416176439348895
tentimesthealgori,11.416176439348895
tentimes,11.416176439348895
tentialofourproposedapproach,11.416176439348895
tentiallyloca,11.416176439348895
tentiallyeasier,11.416176439348895
tentiallydomuchbe,11.416176439348895
tentialimpac,11.416176439348895
tentialfordri,11.416176439348895
tentialex,11.416176439348895
tential,11.416176439348895
tep1,11.416176439348895
tep1moct,11.416176439348895
tep1mprob,11.416176439348895
tep2moct,11.416176439348895
tepsun,11.416176439348895
tepsubsequen,11.416176439348895
tepstobuildasolu,11.416176439348895
tepso,11.416176439348895
tepsisreached,11.416176439348895
tepsisdescribedbelow,11.416176439348895
tepsinwha,11.416176439348895
tepsarerepea,11.416176439348895
tepsareac,11.416176439348895
teps10and26,11.416176439348895
teprocedure,11.416176439348895
tepoolsarelabelledwi,11.416176439348895
tepools,11.416176439348895
tepis,11.416176439348895
tepfurther,11.416176439348895
tepfourtosixedges,11.416176439348895
tepfollowed,11.416176439348895
tepdoes,11.416176439348895
